ts	phase	decision	why	evidence	result
2026-10-03T09:41:27Z	start	branched p1-dead-prototype from main 9081c34 in worktree .worktrees/p1-dead-prototype	own isolated write target for PR P1, one writer per tree	git rev-parse HEAD	9081c34
2026-10-03T10:23:10Z	build	deleted the 12 dead screens, prototype-index.html, and nav.js	plan Files box names them; nav.js loads only from the deleted 13-16 screens	git status --short	14 files staged as deleted
2026-10-03T10:23:10Z	build	removed href="#" anchors together with the containers left empty by the removal	an empty nav__links div, footer__cols grid, auth-row, and auth-cta line would be dead markup	public/screens/02-sign-in.html, public/screens/05-home-page.html	0 href="#" left in public/
2026-10-03T10:23:10Z	build	deleted the refresh and signout routes and their AuthService implementations after grepping for callers	plan required confirming the two route lines were the only callers before deleting	grep -rn '.refresh(|.signOut(' --include=*.js	only server.js:35 and server.js:36 matched
2026-10-03T10:23:10Z	build	cut the two deleted URLs from verify-links.mjs and left its report fields alone	page list is the box; the metric fields still read 0 on surviving pages and stay comparable	artifacts/verify-cflix/link-hygiene/verify-links.mjs:52	list is now 3 pages
2026-10-03T10:23:10Z	build	changed the AGENTS.md layout line from 16 screens to 4	the repo layout line was now wrong	AGENTS.md:7	reads 4 HTML/CSS/JS screens
2026-10-03T10:24:40Z	verify	ran the three Verify, unit boxes against a server on port 4401	plan names the evidence for the unit box	smoke 13 PASS, grep exit=1 no hits, link-audit exit=0	all three PASS
2026-10-03T10:24:40Z	verify	re-ran the media capture after the first run shot the home page for the detail and player screens	both pages redirect home without ?id= and cflix_play_ref, so the first screenshots and video were not the screens they claimed	docs/revamp/p1-review-playback.png shows the player, frame at t=26 of p1-review.mp4	corrected
2026-10-03T10:24:40Z	verify	pixel-sampled the lighter rectangle in the nav against the trunk screenshot	it looked like a rendering regression but no DOM element sits there	ffmpeg crop=1:1 at (300,30) both shots = 6 5 4	identical pixels, part of the hero photo
2026-10-03T11:53:11Z	verify	restarted my port 4401 server and re-ran smoke after the second run failed two checks	the in-memory store kept smoke@test.dev from the first run, so signup returned EMAIL_TAKEN; the failure was store state, not the diff	smoke rerun 13 PASS exit=0, server PID recorded from ss -ltnp	recovered
2026-10-03T11:53:11Z	review	kept the report fields backLinkToPrototype, footerCols, and landBack in verify-links.mjs despite the comment review flagging them as permanently 0	they are the same keep-zero regression shape as deadHash, which the reviewer itself kept; dropping them would cut coverage, not slop	comment-sicko report findings 6 and 7 vs its deadHash keep	rejected with reason
2026-10-03T11:53:11Z	review	left the now-unused .screen-tag, .nav__link, .auth-row, .hero__actions, and .footer__col rules in public/base.css	base.css is not in the plan's P1 file boundary and the Build box says change nothing else	plan Spawn owners, Hold the file boundaries	reported open, not touched
2026-10-03T12:08:01Z	rebase	rebased onto origin/main 58a5914 after the poster-thumbnails PR merged	plan PR mechanics require rebasing onto current trunk before the code-ready report	git rebase origin/main output: Successfully rebased and updated	merge base 58a5914, no conflicts
2026-10-03T12:08:02Z	verify	re-ran every gate and re-captured all media after the rebase	main had moved, so screenshots and the video had to show the new head rendering	smoke 13 PASS, curl 404/200, link audit exit 0, 4-screen DOM assert PASS, p1-review.mp4 37.76s	all green at head
2026-10-03T12:08:02Z	media	served the before shots from a git archive of origin/main instead of the main checkout	the main checkout sits at 9081c34 and my base was now 58a5914, so its rendering was the wrong before	git archive origin/main | tar -x to /tmp/opencode/p1-base on port 4402	before shots match the rebase base
2026-10-03T14:00:06Z	media	removed docs/revamp/p1-review/ and amended the PR 24 capture wording	the trio home/detail/player.png were byte-identical bounce frames from a keyless capture that cannot seed ?id=, and the directory was unreferenced by the PR body links	md5 0ac77ce2d9095a13fcdd172e45a00c0c on all three; gh pr view 24 body	docs/revamp/p1-review deleted, PR body now names the dashed screenshots plus video frames as per-screen evidence
